E,0
R,0
L,0
D,0
F,0
S,0
C,0
A,0
L,0
F,0
G,0
P,0
D,0
G,0
G,0
L,0
V,0
A,0
N,0
A,0
P,0
H,0
L,0
P,0
V,0
H,0
L,0
G,0
A,0
M,0
Q,0
Q,0
A,0
V,0
K,0
F,0
Q,0
M,0
Q,0
H,0
W,0
G,0
H,0
D,0
I,0
V,0
E,0
G,0
D,0
V,0
L,0
V,0
S,0
N,0
H,0
P,0
Q,0
L,0
A,0
G,0
G,0
S,0
H,0
L,0
P,0
D,0
I,0
T,0
V,0
M,0
T,0
P,0
V,0
F,0
E,0
S,0
G,0
R,0
I,0
V,0
F,0
F,0
V,0
A,0
S,0
R,0
G,0
H,0
H,0
A,0
D,0
I,0
G,0
G,0
I,0
A,0
P,0
G,0
S,0
M,0
P,0
P,0
L,0
S,0
K,0
T,0
L,0
T,0
E,0
E,0
G,0
A,0
A,0
I,0
V,0
A,0
F,0
K,0
L,0
V,0
D,0
G,0
R,0
S,0
G,0
Q,0
F,0
Q,0
E,0
Q,0
G,0
I,0
T,0
D,0
I,0
L,0
L,0
Q,0
K,0
G,0
K,0
V,0
D,0
S,0
N,0
G,0
R,0
P,0
A,0
I,0
G,0
T,0
R,0
N,0
L,0
R,0
D,0
N,0
L,0
S,0
D,0
L,0
K,0
A,0
Q,0
V,0
A,0
A,0
N,0
Q,0
R,0
G,0
V,0
L,0
L,0
M,0
H,0
D,0
L,0
I,0
A,0
E,0
Y,0
S,0
L,0
Q,0
V,0
V,0
T,0
A,0
Y,0
M,0
Y,0
F,0
I,0
Q,0
E,0
S,0
A,0
E,0
K,0
A,0
V,0
R,0
N,0
M,0
L,0
H,0
T,0
F,0
S,0
L,0
A,0
Q,0
H,0
L,0
P,0
E,0
V,0
G,0
S,0
V,0
S,0
A,0
E,0
D,0
F,0
M,0
D,0
D,0
G,0
T,0
R,0
L,0
A,0
L,0
K,0
I,0
T,0
I,0
D,0
R,0
R,0
T,0
D,0
S,0
A,0
I,0
F,0
D,0
F,0
T,0
G,0
T,0
G,0
A,0
E,0
V,0
Y,0
G,0
N,0
I,0
N,0
A,0
P,0
P,0
A,0
V,0
T,0
Y,0
S,0
A,0
I,0
I,0
Y,0
C,0
L,0
R,0
C,0
L,0
L,0
D,0
G,0
D,0
D,0
L,0
P,0
L,0
N,0
Q,0
G,0
C,0
L,0
T,0
P,0
I,0
Q,0
V,0
I,0
F,0
P,0
E,0
N,0
G,0
S,0
I,0
L,0
N,0
P,0
S,0
S,0
T,0
A,0
A,0
V,0
V,0
G,0
G,0
N,0
V,0
T,0
T,0
S,0
Q,0
R,0
V,0
T,0
D,0
V,0
I,0
F,0
L,0
A,0
F,0
R,0
A,0
C,0
A,1
A,1
S,1
Q,1
G,1
C,1
M,1
N,1
N,1
L,1
T,1
F,1
G,1
S,1
S,1
T,1
L,1
G,1
G,1
Y,1
Y,1
E,1
T,1
I,1
A,1
G,1
G,1
A,1
G,1
A,1
G,1
P,1
H,1
W,1
H,1
G,1
R,1
S,1
G,1
V,1
H,1
T,1
H,1
M,1
T,1
N,1
T,1
R,1
I,1
T,1
D,1
P,1
E,1
I,1
L,1
E,1
K,1
R,1
Y,1
P,1
V,1
L,1
L,1
N,1
A,1
F,1
G,1
L,1
R,1
Q,1
G,1
S,1
G,1
G,1
V,1
G,1
K,1
F,1
A,1
G,1
G,1
E,1
G,1
V,1
H,0
R,0
E,0
L,0
K,0
F,0
L,0
V,1
P,0
M,0
T,0
V,0
S,0
I,0
L,0
S,0
E,0
R,0
R,0
A,0
F,0
Q,0
P,0
Y,0
V,0
N,0
T,0
V,0
E,0
V,0
L,0
A,0
G,0
D,0
V,0
L,0
T,0
I,0
L,0
S,0
P,0
G,0
G,0
G,0
A,0
Y,0
G,0
A,0
A,0
T,0
P,0
